variant,size_mb,n_runs,wall_s_mean,wall_s_std,cpu_s_mean,cpu_s_std,rss_peak_mb_mean,rss_peak_mb_std,load_rss_mb_mean,load_rss_mb_std,tm_peak_mb_mean,tm_peak_mb_std,load_tm_mb_mean,load_tm_mb_std,energy_kwh_mean,energy_kwh_std
baseline,20,3,9.070433333333334,0.3817410145926456,9.473333333333334,0.3857748335781147,535.64,3.946652590065002,325.5733333333333,0.009428090415812058,156.35333333333332,0.37721199462489635,20.65,0.0,4.4745355314869364e-07,1.7520464976768606e-08
optimized,20,3,4.6112,0.1953514269208189,4.933333333333334,0.19770910168449227,483.3233333333333,2.9978807329326775,284.18666666666667,0.018856180831624117,86.05,0.3535533905932738,2.41,0.0,2.2970812655741427e-07,9.370416350138318e-09
baseline,50,3,16.67203333333333,0.09220268735538867,17.29,0.0778888096369857,803.22,42.03444857098363,408.72333333333336,0.9522721366406799,267.43666666666667,0.3633486235314722,50.36,0.0,8.213558883127057e-07,2.4617032356648683e-09
optimized,50,3,5.9798,0.03663259022600869,6.3533333333333335,0.04496912521077334,733.9666666666667,3.616631336232943,304.31333333333333,0.04496912521077471,204.0,0.014142135623731487,5.706666666666667,0.004714045207910216,2.96787414357614e-07,1.8077724779556425e-09
